"","Num_heteroMarkers","Switch_error"
"1",7,0.333333333333333
"2",7,0.333333333333333
"3",5,0
"4",7,0
"5",6,0
"6",6,0
"7",7,0.166666666666667
"8",6,0.4
"9",7,0.333333333333333
"10",6,0.2
"11",6,0
"12",7,0.5
"13",5,0
"14",5,0.5
"15",6,0.2
"16",7,0.166666666666667
"17",7,0.333333333333333
"18",7,0
"19",7,0.333333333333333
"20",7,0
